ADC_M8_I8,ADC (M8, I8)
ADC_R8l_I8,ADC_R0 (R8l, I8)
ADC_R8l_I8,ADC_R4 (R8l, I8)
ADC_R8h_I8,ADC (R8h, I8)
ADC_M16_I16,ADC (M16, I16)
ADC_M32_I32,ADC (M32, I32)
ADC_M64_I32,ADC (M64, I32)
ADC_R16_I16,ADC (R16, I16)
ADC_R32_I32,ADC (R32, I32)
ADC_R64_I32,ADC (R64, I32)
ADC_M16_I8,ADC (M16, I8)
ADC_M32_I8,ADC (M32, I8)
ADC_M64_I8,ADC (M64, I8)
ADC_R16_I8,ADC (R16, I8)
ADC_R32_I8,ADC (R32, I8)
ADC_R64_I8,ADC (R64, I8)
ADC_M8_R8l,ADC (M8, R8l)
ADC_M8_R8h,ADC (M8, R8h)
ADC_R8l_R8l,ADC_10 (R8l, R8l)
ADC_R8h_R8l,ADC_10 (R8h, R8l)
ADC_R8l_R8h,ADC_10 (R8l, R8h)
ADC_R8h_R8h,ADC_10 (R8h, R8h)
ADC_M16_R16,ADC (M16, R16)
ADC_M32_R32,ADC (M32, R32)
ADC_M64_R64,ADC (M64, R64)
ADC_R16_R16,ADC_11 (R16, R16)
ADC_R32_R32,ADC_11 (R32, R32)
ADC_R64_R64,ADC_11 (R64, R64)
ADC_R8l_M8,ADC (R8l, M8)
ADC_R8h_M8,ADC (R8h, M8)
ADC_R8l_R8l,ADC_12 (R8l, R8l)
ADC_R8h_R8l,ADC_12 (R8h, R8l)
ADC_R8l_R8h,ADC_12 (R8l, R8h)
ADC_R8h_R8h,ADC_12 (R8h, R8h)
ADC_R16_M16,ADC (R16, M16)
ADC_R32_M32,ADC (R32, M32)
ADC_R64_M64,ADC (R64, M64)
ADC_R16_R16,ADC_13 (R16, R16)
ADC_R32_R32,ADC_13 (R32, R32)
ADC_R64_R64,ADC_13 (R64, R64)
ADC_AL_I8,ADC (AL, I8)
ADC_AX_I16,ADC (AX, I16)
ADC_EAX_I32,ADC (EAX, I32)
ADC_RAX_I32,ADC (RAX, I32)
ADC_LOCK_M8_I8,ADC_LOCK (M8, I8)
ADC_LOCK_M16_I16,ADC_LOCK (M16, I16)
ADC_LOCK_M32_I32,ADC_LOCK (M32, I32)
ADC_LOCK_M64_I32,ADC_LOCK (M64, I32)
ADC_LOCK_M16_I8,ADC_LOCK (M16, I8)
ADC_LOCK_M32_I8,ADC_LOCK (M32, I8)
ADC_LOCK_M64_I8,ADC_LOCK (M64, I8)
ADC_LOCK_M8_R8l,ADC_LOCK (M8, R8l)
ADC_LOCK_M8_R8h,ADC_LOCK (M8, R8h)
ADC_LOCK_M16_R16,ADC_LOCK (M16, R16)
ADC_LOCK_M32_R32,ADC_LOCK (M32, R32)
ADC_LOCK_M64_R64,ADC_LOCK (M64, R64)
ADD_M8_I8,ADD (M8, I8)
ADD_R8l_I8,ADD_R0 (R8l, I8)
ADD_R8l_I8,ADD_R4 (R8l, I8)
ADD_R8h_I8,ADD (R8h, I8)
ADD_M16_I16,ADD (M16, I16)
ADD_M32_I32,ADD (M32, I32)
ADD_M64_I32,ADD (M64, I32)
ADD_R16_I16,ADD (R16, I16)
ADD_R32_I32,ADD (R32, I32)
ADD_R64_I32,ADD (R64, I32)
ADD_M16_I8,ADD (M16, I8)
ADD_M32_I8,ADD (M32, I8)
ADD_M64_I8,ADD (M64, I8)
ADD_R16_I8,ADD (R16, I8)
ADD_R32_I8,ADD (R32, I8)
ADD_R64_I8,ADD (R64, I8)
ADD_M8_R8l,ADD (M8, R8l)
ADD_M8_R8h,ADD (M8, R8h)
ADD_R8l_R8l,ADD_00 (R8l, R8l)
ADD_R8h_R8l,ADD_00 (R8h, R8l)
ADD_R8l_R8h,ADD_00 (R8l, R8h)
ADD_R8h_R8h,ADD_00 (R8h, R8h)
ADD_M16_R16,ADD (M16, R16)
ADD_M32_R32,ADD (M32, R32)
ADD_M64_R64,ADD (M64, R64)
ADD_R16_R16,ADD_01 (R16, R16)
ADD_R32_R32,ADD_01 (R32, R32)
ADD_R64_R64,ADD_01 (R64, R64)
ADD_R8l_M8,ADD (R8l, M8)
ADD_R8h_M8,ADD (R8h, M8)
ADD_R8l_R8l,ADD_02 (R8l, R8l)
ADD_R8h_R8l,ADD_02 (R8h, R8l)
ADD_R8l_R8h,ADD_02 (R8l, R8h)
ADD_R8h_R8h,ADD_02 (R8h, R8h)
ADD_R16_M16,ADD (R16, M16)
ADD_R32_M32,ADD (R32, M32)
ADD_R64_M64,ADD (R64, M64)
ADD_R16_R16,ADD_03 (R16, R16)
ADD_R32_R32,ADD_03 (R32, R32)
ADD_R64_R64,ADD_03 (R64, R64)
ADD_AL_I8,ADD (AL, I8)
ADD_AX_I16,ADD (AX, I16)
ADD_EAX_I32,ADD (EAX, I32)
ADD_RAX_I32,ADD (RAX, I32)
ADD_LOCK_M8_I8,ADD_LOCK (M8, I8)
ADD_LOCK_M16_I16,ADD_LOCK (M16, I16)
ADD_LOCK_M32_I32,ADD_LOCK (M32, I32)
ADD_LOCK_M64_I32,ADD_LOCK (M64, I32)
ADD_LOCK_M16_I8,ADD_LOCK (M16, I8)
ADD_LOCK_M32_I8,ADD_LOCK (M32, I8)
ADD_LOCK_M64_I8,ADD_LOCK (M64, I8)
ADD_LOCK_M8_R8l,ADD_LOCK (M8, R8l)
ADD_LOCK_M8_R8h,ADD_LOCK (M8, R8h)
ADD_LOCK_M16_R16,ADD_LOCK (M16, R16)
ADD_LOCK_M32_R32,ADD_LOCK (M32, R32)
ADD_LOCK_M64_R64,ADD_LOCK (M64, R64)
AND_M8_I8,AND (M8, I8)
AND_R8l_I8,AND_R0 (R8l, I8)
AND_R8l_I8,AND_R4 (R8l, I8)
AND_R8h_I8,AND (R8h, I8)
AND_M16_I16,AND (M16, I16)
AND_M32_I32,AND (M32, I32)
AND_M64_I32,AND (M64, I32)
AND_R16_I16,AND (R16, I16)
AND_R32_I32,AND (R32, I32)
AND_R64_I32,AND (R64, I32)
AND_M16_I8,AND (M16, I8)
AND_M32_I8,AND (M32, I8)
AND_M64_I8,AND (M64, I8)
AND_R16_I8,AND (R16, I8)
AND_R32_I8,AND (R32, I8)
AND_R64_I8,AND (R64, I8)
AND_M8_R8l,AND (M8, R8l)
AND_M8_R8h,AND (M8, R8h)
AND_R8l_R8l,AND_20 (R8l, R8l)
AND_R8h_R8l,AND_20 (R8h, R8l)
AND_R8l_R8h,AND_20 (R8l, R8h)
AND_R8h_R8h,AND_20 (R8h, R8h)
AND_M16_R16,AND (M16, R16)
AND_M32_R32,AND (M32, R32)
AND_M64_R64,AND (M64, R64)
AND_R16_R16,AND_21 (R16, R16)
AND_R32_R32,AND_21 (R32, R32)
AND_R64_R64,AND_21 (R64, R64)
AND_R8l_R8l,AND_22 (R8l, R8l)
AND_R8h_R8l,AND_22 (R8h, R8l)
AND_R8l_R8h,AND_22 (R8l, R8h)
AND_R8h_R8h,AND_22 (R8h, R8h)
AND_R8l_M8,AND (R8l, M8)
AND_R8h_M8,AND (R8h, M8)
AND_R16_R16,AND_23 (R16, R16)
AND_R32_R32,AND_23 (R32, R32)
AND_R64_R64,AND_23 (R64, R64)
AND_R16_M16,AND (R16, M16)
AND_R32_M32,AND (R32, M32)
AND_R64_M64,AND (R64, M64)
AND_AL_I8,AND (AL, I8)
AND_AX_I16,AND (AX, I16)
AND_EAX_I32,AND (EAX, I32)
AND_RAX_I32,AND (RAX, I32)
AND_LOCK_M8_I8,AND_LOCK (M8, I8)
AND_LOCK_M16_I16,AND_LOCK (M16, I16)
AND_LOCK_M32_I32,AND_LOCK (M32, I32)
AND_LOCK_M64_I32,AND_LOCK (M64, I32)
AND_LOCK_M16_I8,AND_LOCK (M16, I8)
AND_LOCK_M32_I8,AND_LOCK (M32, I8)
AND_LOCK_M64_I8,AND_LOCK (M64, I8)
AND_LOCK_M8_R8l,AND_LOCK (M8, R8l)
AND_LOCK_M8_R8h,AND_LOCK (M8, R8h)
AND_LOCK_M16_R16,AND_LOCK (M16, R16)
AND_LOCK_M32_R32,AND_LOCK (M32, R32)
AND_LOCK_M64_R64,AND_LOCK (M64, R64)
BSF_R16_M16,BSF (R16, M16)
BSF_R32_M32,BSF (R32, M32)
BSF_R64_M64,BSF (R64, M64)
BSF_R16_R16,BSF (R16, R16)
BSF_R32_R32,BSF (R32, R32)
BSF_R64_R64,BSF (R64, R64)
BSR_R16_M16,BSR (R16, M16)
BSR_R32_M32,BSR (R32, M32)
BSR_R64_M64,BSR (R64, M64)
BSR_R16_R16,BSR (R16, R16)
BSR_R32_R32,BSR (R32, R32)
BSR_R64_R64,BSR (R64, R64)
BSWAP_R32,BSWAP (R32)
BSWAP_R64,BSWAP (R64)
BT_M16_I8,BT (M16, I8)
BT_M32_I8,BT (M32, I8)
BT_M64_I8,BT (M64, I8)
BT_R16_I8,BT (R16, I8)
BT_R32_I8,BT (R32, I8)
BT_R64_I8,BT (R64, I8)
BT_M16_R16,BT (M16, R16)
BT_M32_R32,BT (M32, R32)
BT_M64_R64,BT (M64, R64)
BT_R16_R16,BT (R16, R16)
BT_R32_R32,BT (R32, R32)
BT_R64_R64,BT (R64, R64)
BTC_M16_I8,BTC (M16, I8)
BTC_M32_I8,BTC (M32, I8)
BTC_M64_I8,BTC (M64, I8)
BTC_R16_I8,BTC (R16, I8)
BTC_R32_I8,BTC (R32, I8)
BTC_R64_I8,BTC (R64, I8)
BTC_M16_R16,BTC (M16, R16)
BTC_M32_R32,BTC (M32, R32)
BTC_M64_R64,BTC (M64, R64)
BTC_R16_R16,BTC (R16, R16)
BTC_R32_R32,BTC (R32, R32)
BTC_R64_R64,BTC (R64, R64)
BTC_LOCK_M16_I8,BTC_LOCK (M16, I8)
BTC_LOCK_M32_I8,BTC_LOCK (M32, I8)
BTC_LOCK_M64_I8,BTC_LOCK (M64, I8)
BTC_LOCK_M16_R16,BTC_LOCK (M16, R16)
BTC_LOCK_M32_R32,BTC_LOCK (M32, R32)
BTC_LOCK_M64_R64,BTC_LOCK (M64, R64)
BTR_M16_I8,BTR (M16, I8)
BTR_M32_I8,BTR (M32, I8)
BTR_M64_I8,BTR (M64, I8)
BTR_R16_I8,BTR (R16, I8)
BTR_R32_I8,BTR (R32, I8)
BTR_R64_I8,BTR (R64, I8)
BTR_M16_R16,BTR (M16, R16)
BTR_M32_R32,BTR (M32, R32)
BTR_M64_R64,BTR (M64, R64)
BTR_R16_R16,BTR (R16, R16)
BTR_R32_R32,BTR (R32, R32)
BTR_R64_R64,BTR (R64, R64)
BTR_LOCK_M16_I8,BTR_LOCK (M16, I8)
BTR_LOCK_M32_I8,BTR_LOCK (M32, I8)
BTR_LOCK_M64_I8,BTR_LOCK (M64, I8)
BTR_LOCK_M16_R16,BTR_LOCK (M16, R16)
BTR_LOCK_M32_R32,BTR_LOCK (M32, R32)
BTR_LOCK_M64_R64,BTR_LOCK (M64, R64)
BTS_M16_I8,BTS (M16, I8)
BTS_M32_I8,BTS (M32, I8)
BTS_M64_I8,BTS (M64, I8)
BTS_R16_I8,BTS (R16, I8)
BTS_R32_I8,BTS (R32, I8)
BTS_R64_I8,BTS (R64, I8)
BTS_M16_R16,BTS (M16, R16)
BTS_M32_R32,BTS (M32, R32)
BTS_M64_R64,BTS (M64, R64)
BTS_R16_R16,BTS (R16, R16)
BTS_R32_R32,BTS (R32, R32)
BTS_R64_R64,BTS (R64, R64)
BTS_LOCK_M16_I8,BTS_LOCK (M16, I8)
BTS_LOCK_M32_I8,BTS_LOCK (M32, I8)
BTS_LOCK_M64_I8,BTS_LOCK (M64, I8)
BTS_LOCK_M16_R16,BTS_LOCK (M16, R16)
BTS_LOCK_M32_R32,BTS_LOCK (M32, R32)
BTS_LOCK_M64_R64,BTS_LOCK (M64, R64)
CALL_FAR_M32,CALL_FAR (M32)
CALL_FAR_M48,CALL_FAR (M48)
CALL_NEAR_M64,CALL_NEAR (M64)
CALL_NEAR_R64,CALL_NEAR (R64)
CALL_NEAR_I32,CALL_NEAR (Rel32)
CBW,CBW
CDQ,CDQ
CLC,CLC
CLD,CLD
CLI,CLI
CLTS,CLTS
CMC,CMC
CMOVB_R16_M16,CMOVB (R16, M16)
CMOVB_R32_M32,CMOVB (R32, M32)
CMOVB_R64_M64,CMOVB (R64, M64)
CMOVB_R16_R16,CMOVB (R16, R16)
CMOVB_R32_R32,CMOVB (R32, R32)
CMOVB_R64_R64,CMOVB (R64, R64)
CMOVBE_R16_M16,CMOVBE (R16, M16)
CMOVBE_R32_M32,CMOVBE (R32, M32)
CMOVBE_R64_M64,CMOVBE (R64, M64)
CMOVBE_R16_R16,CMOVBE (R16, R16)
CMOVBE_R32_R32,CMOVBE (R32, R32)
CMOVBE_R64_R64,CMOVBE (R64, R64)
CMOVL_R16_M16,CMOVL (R16, M16)
CMOVL_R32_M32,CMOVL (R32, M32)
CMOVL_R64_M64,CMOVL (R64, M64)
CMOVL_R16_R16,CMOVL (R16, R16)
CMOVL_R32_R32,CMOVL (R32, R32)
CMOVL_R64_R64,CMOVL (R64, R64)
CMOVLE_R16_M16,CMOVLE (R16, M16)
CMOVLE_R32_M32,CMOVLE (R32, M32)
CMOVLE_R64_M64,CMOVLE (R64, M64)
CMOVLE_R16_R16,CMOVLE (R16, R16)
CMOVLE_R32_R32,CMOVLE (R32, R32)
CMOVLE_R64_R64,CMOVLE (R64, R64)
CMOVNB_R16_M16,CMOVNB (R16, M16)
CMOVNB_R32_M32,CMOVNB (R32, M32)
CMOVNB_R64_M64,CMOVNB (R64, M64)
CMOVNB_R16_R16,CMOVNB (R16, R16)
CMOVNB_R32_R32,CMOVNB (R32, R32)
CMOVNB_R64_R64,CMOVNB (R64, R64)
CMOVNBE_R16_M16,CMOVNBE (R16, M16)
CMOVNBE_R32_M32,CMOVNBE (R32, M32)
CMOVNBE_R64_M64,CMOVNBE (R64, M64)
CMOVNBE_R16_R16,CMOVNBE (R16, R16)
CMOVNBE_R32_R32,CMOVNBE (R32, R32)
CMOVNBE_R64_R64,CMOVNBE (R64, R64)
CMOVNL_R16_M16,CMOVNL (R16, M16)
CMOVNL_R32_M32,CMOVNL (R32, M32)
CMOVNL_R64_M64,CMOVNL (R64, M64)
CMOVNL_R16_R16,CMOVNL (R16, R16)
CMOVNL_R32_R32,CMOVNL (R32, R32)
CMOVNL_R64_R64,CMOVNL (R64, R64)
CMOVNLE_R16_M16,CMOVNLE (R16, M16)
CMOVNLE_R32_M32,CMOVNLE (R32, M32)
CMOVNLE_R64_M64,CMOVNLE (R64, M64)
CMOVNLE_R16_R16,CMOVNLE (R16, R16)
CMOVNLE_R32_R32,CMOVNLE (R32, R32)
CMOVNLE_R64_R64,CMOVNLE (R64, R64)
CMOVNO_R16_M16,CMOVNO (R16, M16)
CMOVNO_R32_M32,CMOVNO (R32, M32)
CMOVNO_R64_M64,CMOVNO (R64, M64)
CMOVNO_R16_R16,CMOVNO (R16, R16)
CMOVNO_R32_R32,CMOVNO (R32, R32)
CMOVNO_R64_R64,CMOVNO (R64, R64)
CMOVNP_R16_M16,CMOVNP (R16, M16)
CMOVNP_R32_M32,CMOVNP (R32, M32)
CMOVNP_R64_M64,CMOVNP (R64, M64)
CMOVNP_R16_R16,CMOVNP (R16, R16)
CMOVNP_R32_R32,CMOVNP (R32, R32)
CMOVNP_R64_R64,CMOVNP (R64, R64)
CMOVNS_R16_M16,CMOVNS (R16, M16)
CMOVNS_R32_M32,CMOVNS (R32, M32)
CMOVNS_R64_M64,CMOVNS (R64, M64)
CMOVNS_R16_R16,CMOVNS (R16, R16)
CMOVNS_R32_R32,CMOVNS (R32, R32)
CMOVNS_R64_R64,CMOVNS (R64, R64)
CMOVNZ_R16_M16,CMOVNZ (R16, M16)
CMOVNZ_R32_M32,CMOVNZ (R32, M32)
CMOVNZ_R64_M64,CMOVNZ (R64, M64)
CMOVNZ_R16_R16,CMOVNZ (R16, R16)
CMOVNZ_R32_R32,CMOVNZ (R32, R32)
CMOVNZ_R64_R64,CMOVNZ (R64, R64)
CMOVO_R16_M16,CMOVO (R16, M16)
CMOVO_R32_M32,CMOVO (R32, M32)
CMOVO_R64_M64,CMOVO (R64, M64)
CMOVO_R16_R16,CMOVO (R16, R16)
CMOVO_R32_R32,CMOVO (R32, R32)
CMOVO_R64_R64,CMOVO (R64, R64)
CMOVP_R16_M16,CMOVP (R16, M16)
CMOVP_R32_M32,CMOVP (R32, M32)
CMOVP_R64_M64,CMOVP (R64, M64)
CMOVP_R16_R16,CMOVP (R16, R16)
CMOVP_R32_R32,CMOVP (R32, R32)
CMOVP_R64_R64,CMOVP (R64, R64)
CMOVS_R16_M16,CMOVS (R16, M16)
CMOVS_R32_M32,CMOVS (R32, M32)
CMOVS_R64_M64,CMOVS (R64, M64)
CMOVS_R16_R16,CMOVS (R16, R16)
CMOVS_R32_R32,CMOVS (R32, R32)
CMOVS_R64_R64,CMOVS (R64, R64)
CMOVZ_R16_M16,CMOVZ (R16, M16)
CMOVZ_R32_M32,CMOVZ (R32, M32)
CMOVZ_R64_M64,CMOVZ (R64, M64)
CMOVZ_R16_R16,CMOVZ (R16, R16)
CMOVZ_R32_R32,CMOVZ (R32, R32)
CMOVZ_R64_R64,CMOVZ (R64, R64)
CMP_M8_I8,CMP (M8, I8)
CMP_R8l_I8,CMP_R0 (R8l, I8)
CMP_R8l_I8,CMP_R4 (R8l, I8)
CMP_R8h_I8,CMP (R8h, I8)
CMP_M16_I16,CMP (M16, I16)
CMP_M32_I32,CMP (M32, I32)
CMP_M64_I32,CMP (M64, I32)
CMP_R16_I16,CMP (R16, I16)
CMP_R32_I32,CMP (R32, I32)
CMP_R64_I32,CMP (R64, I32)
CMP_M16_I8,CMP (M16, I8)
CMP_M32_I8,CMP (M32, I8)
CMP_M64_I8,CMP (M64, I8)
CMP_R16_I8,CMP (R16, I8)
CMP_R32_I8,CMP (R32, I8)
CMP_R64_I8,CMP (R64, I8)
CMP_M8_R8l,CMP (M8, R8l)
CMP_M8_R8h,CMP (M8, R8h)
CMP_R8l_R8l,CMP_38 (R8l, R8l)
CMP_R8h_R8l,CMP_38 (R8h, R8l)
CMP_R8l_R8h,CMP_38 (R8l, R8h)
CMP_R8h_R8h,CMP_38 (R8h, R8h)
CMP_M16_R16,CMP (M16, R16)
CMP_M32_R32,CMP (M32, R32)
CMP_M64_R64,CMP (M64, R64)
CMP_R16_R16,CMP_39 (R16, R16)
CMP_R32_R32,CMP_39 (R32, R32)
CMP_R64_R64,CMP_39 (R64, R64)
CMP_R8l_M8,CMP (R8l, M8)
CMP_R8h_M8,CMP (R8h, M8)
CMP_R8l_R8l,CMP_3A (R8l, R8l)
CMP_R8h_R8l,CMP_3A (R8h, R8l)
CMP_R8l_R8h,CMP_3A (R8l, R8h)
CMP_R8h_R8h,CMP_3A (R8h, R8h)
CMP_R16_M16,CMP (R16, M16)
CMP_R32_M32,CMP (R32, M32)
CMP_R64_M64,CMP (R64, M64)
CMP_R16_R16,CMP_3B (R16, R16)
CMP_R32_R32,CMP_3B (R32, R32)
CMP_R64_R64,CMP_3B (R64, R64)
CMP_AL_I8,CMP (AL, I8)
CMP_AX_I16,CMP (AX, I16)
CMP_EAX_I32,CMP (EAX, I32)
CMP_RAX_I32,CMP (RAX, I32)
CMPSB,CMPSB
CMPSD,CMPSD
CMPSW,CMPSW
CMPXCHG_M8_R8l,CMPXCHG (M8, R8l)
CMPXCHG_M8_R8h,CMPXCHG (M8, R8h)
CMPXCHG_R8l_R8l,CMPXCHG (R8l, R8l)
CMPXCHG_R8h_R8l,CMPXCHG (R8h, R8l)
CMPXCHG_R8l_R8h,CMPXCHG (R8l, R8h)
CMPXCHG_R8h_R8h,CMPXCHG (R8h, R8h)
CMPXCHG_M16_R16,CMPXCHG (M16, R16)
CMPXCHG_M32_R32,CMPXCHG (M32, R32)
CMPXCHG_M64_R64,CMPXCHG (M64, R64)
CMPXCHG_R16_R16,CMPXCHG (R16, R16)
CMPXCHG_R32_R32,CMPXCHG (R32, R32)
CMPXCHG_R64_R64,CMPXCHG (R64, R64)
CMPXCHG8B_M64,CMPXCHG8B (M64)
CMPXCHG8B_LOCK_M64,CMPXCHG8B_LOCK (M64)
CMPXCHG_LOCK_M8_R8l,CMPXCHG_LOCK (M8, R8l)
CMPXCHG_LOCK_M8_R8h,CMPXCHG_LOCK (M8, R8h)
CMPXCHG_LOCK_M16_R16,CMPXCHG_LOCK (M16, R16)
CMPXCHG_LOCK_M32_R32,CMPXCHG_LOCK (M32, R32)
CMPXCHG_LOCK_M64_R64,CMPXCHG_LOCK (M64, R64)
CPUID,CPUID
CWD,CWD
CWDE,CWDE
DEC_M8,DEC (M8)
DEC_R8l,DEC (R8l)
DEC_R8h,DEC (R8h)
DEC_M16,DEC (M16)
DEC_M32,DEC (M32)
DEC_M64,DEC (M64)
DEC_R16,DEC (R16)
DEC_R32,DEC (R32)
DEC_R64,DEC (R64)
DEC_LOCK_M8,DEC_LOCK (M8)
DEC_LOCK_M16,DEC_LOCK (M16)
DEC_LOCK_M32,DEC_LOCK (M32)
DEC_LOCK_M64,DEC_LOCK (M64)
DIV_M8,DIV (M8)
DIV_R8l,DIV (R8l)
DIV_R8h,DIV (R8h)
DIV_M16,DIV (M16)
DIV_M32,DIV (M32)
DIV_M64,DIV (M64)
DIV_R16,DIV (R16)
DIV_R32,DIV (R32)
DIV_R64,DIV (R64)
ENTER_W_I16_I8,ENTER_W (I16, I8)
ENTER_I16_I8,ENTER (I16, I8)
HLT,HLT
IDIV_M8,IDIV (M8)
IDIV_R8l,IDIV (R8l)
IDIV_R8h,IDIV (R8h)
IDIV_M16,IDIV (M16)
IDIV_M32,IDIV (M32)
IDIV_M64,IDIV (M64)
IDIV_R16,IDIV (R16)
IDIV_R32,IDIV (R32)
IDIV_R64,IDIV (R64)
IMUL_M8,IMUL (M8)
IMUL_R8l,IMUL (R8l)
IMUL_R8h,IMUL (R8h)
IMUL_M16,IMUL (M16)
IMUL_M32,IMUL (M32)
IMUL_M64,IMUL (M64)
IMUL_R16,IMUL (R16)
IMUL_R32,IMUL (R32)
IMUL_R64,IMUL (R64)
IMUL_R16_M16_I16,IMUL (R16, M16, I16)
IMUL_R32_M32_I32,IMUL (R32, M32, I32)
IMUL_R64_M64_I32,IMUL (R64, M64, I32)
IMUL_IMMZ_R16_R16_I16,IMUL_IMMZ (R16, R16, I16)
IMUL_IMMZ_R32_R32_I32,IMUL_IMMZ (R32, R32, I32)
IMUL_IMMZ_R64_R64_I32,IMUL_IMMZ (R64, R64, I32)
IMUL_R16_M16_I8,IMUL (R16, M16, I8)
IMUL_R32_M32_I8,IMUL (R32, M32, I8)
IMUL_R64_M64_I8,IMUL (R64, M64, I8)
IMUL_IMMB_R16_R16_I8,IMUL_IMMB (R16, R16, I8)
IMUL_IMMB_R32_R32_I8,IMUL_IMMB (R32, R32, I8)
IMUL_IMMB_R64_R64_I8,IMUL_IMMB (R64, R64, I8)
IMUL_R16_M16,IMUL (R16, M16)
IMUL_R32_M32,IMUL (R32, M32)
IMUL_R64_M64,IMUL (R64, M64)
IMUL_R16_R16,IMUL (R16, R16)
IMUL_R32_R32,IMUL (R32, R32)
IMUL_R64_R64,IMUL (R64, R64)
IN_AL_I8,IN (AL, I8)
IN_AX_I8,IN (AX, I8)
IN_EAX_I8,IN (EAX, I8)
IN_AL_DX,IN (AL, DX)
IN_AX_DX,IN (AX, DX)
IN_EAX_DX,IN (EAX, DX)
INC_M8,INC (M8)
INC_R8l,INC (R8l)
INC_R8h,INC (R8h)
INC_M16,INC (M16)
INC_M32,INC (M32)
INC_M64,INC (M64)
INC_R16,INC (R16)
INC_R32,INC (R32)
INC_R64,INC (R64)
INC_LOCK_M8,INC_LOCK (M8)
INC_LOCK_M16,INC_LOCK (M16)
INC_LOCK_M32,INC_LOCK (M32)
INC_LOCK_M64,INC_LOCK (M64)
INSB,INSB
INSD,INSD
INSW,INSW
INT_I8,INT (I8)
INT3,INT3
INVD,INVD
INVLPG_M8,INVLPG (M8)
IRET,IRET
IRETD,IRETD
JB_I8,JB (Rel8)
JB_I32,JB (Rel32)
JBE_I8,JBE (Rel8)
JBE_I32,JBE (Rel32)
JL_I8,JL (Rel8)
JL_I32,JL (Rel32)
JLE_I8,JLE (Rel8)
JLE_I32,JLE (Rel32)
JMP_M64,JMP (M64)
JMP_R64,JMP (R64)
JMP_I32,JMP (Rel32)
JMP_I8,JMP (Rel8)
JMP_FAR_M32,JMP_FAR (M32)
JMP_FAR_M48,JMP_FAR (M48)
JNB_I8,JNB (Rel8)
JNB_I32,JNB (Rel32)
JNBE_I8,JNBE (Rel8)
JNBE_I32,JNBE (Rel32)
JNL_I8,JNL (Rel8)
JNL_I32,JNL (Rel32)
JNLE_I8,JNLE (Rel8)
JNLE_I32,JNLE (Rel32)
JNO_I8,JNO (Rel8)
JNO_I32,JNO (Rel32)
JNP_I8,JNP (Rel8)
JNP_I32,JNP (Rel32)
JNS_I8,JNS (Rel8)
JNS_I32,JNS (Rel32)
JNZ_I8,JNZ (Rel8)
JNZ_I32,JNZ (Rel32)
JO_I8,JO (Rel8)
JO_I32,JO (Rel32)
JP_I8,JP (Rel8)
JP_I32,JP (Rel32)
JRCXZ_I8,JRCXZ (Rel8)
JS_I8,JS (Rel8)
JS_I32,JS (Rel32)
JZ_I8,JZ (Rel8)
JZ_I32,JZ (Rel32)
LAHF,LAHF
LAR_R16_M16,LAR (R16, M16)
LAR_R32_M16,LAR (R32, M16)
LAR_R64_M16,LAR (R64, M16)
LAR_R16_R16,LAR (R16, R16)
LAR_R32_R32,LAR (R32, R32)
LAR_R64_R64,LAR (R64, R64)
LEA_R16_M16,LEA_R_D32 (R16)
LEA_R16_M16,LEA_B (R16)
LEA_R16_M16,LEA_D32 (R16)
LEA_R16_M16,LEA_B_I (R16)
LEA_R16_M16,LEA_B_IS (R16)
LEA_R16_M16,LEA_B_D8 (R16)
LEA_R16_M16,LEA_B_D32 (R16)
LEA_R16_M16,LEA_I_D32 (R16)
LEA_R16_M16,LEA_IS_D32 (R16)
LEA_R16_M16,LEA_B_I_D8 (R16)
LEA_R16_M16,LEA_B_IS_D8 (R16)
LEA_R16_M16,LEA_B_I_D32 (R16)
LEA_R16_M16,LEA_B_IS_D32 (R16)
LEA_R32_M32,LEA_R_D32 (R32)
LEA_R32_M32,LEA_B (R32)
LEA_R32_M32,LEA_D32 (R32)
LEA_R32_M32,LEA_B_I (R32)
LEA_R32_M32,LEA_B_IS (R32)
LEA_R32_M32,LEA_B_D8 (R32)
LEA_R32_M32,LEA_B_D32 (R32)
LEA_R32_M32,LEA_I_D32 (R32)
LEA_R32_M32,LEA_IS_D32 (R32)
LEA_R32_M32,LEA_B_I_D8 (R32)
LEA_R32_M32,LEA_B_IS_D8 (R32)
LEA_R32_M32,LEA_B_I_D32 (R32)
LEA_R32_M32,LEA_B_IS_D32 (R32)
LEA_R64_M64,LEA_R_D32 (R64)
LEA_R64_M64,LEA_B (R64)
LEA_R64_M64,LEA_D32 (R64)
LEA_R64_M64,LEA_B_I (R64)
LEA_R64_M64,LEA_B_IS (R64)
LEA_R64_M64,LEA_B_D8 (R64)
LEA_R64_M64,LEA_B_D32 (R64)
LEA_R64_M64,LEA_I_D32 (R64)
LEA_R64_M64,LEA_IS_D32 (R64)
LEA_R64_M64,LEA_B_I_D8 (R64)
LEA_R64_M64,LEA_B_IS_D8 (R64)
LEA_R64_M64,LEA_B_I_D32 (R64)
LEA_R64_M64,LEA_B_IS_D32 (R64)
LEAVE_W,LEAVE_W
LEAVE,LEAVE
LFS_R16_M32,LFS (R16, M32)
LFS_R32_M48,LFS (R32, M48)
LGS_R16_M32,LGS (R16, M32)
LGS_R32_M48,LGS (R32, M48)
LLDT_M16,LLDT (M16)
LLDT_R16,LLDT (R16)
LMSW_M16,LMSW (M16)
LMSW_R16,LMSW (R16)
LODSB,LODSB
LODSD,LODSD
LODSW,LODSW
LOOP_I8,LOOP (Rel8)
LOOPE_I8,LOOPE (Rel8)
LOOPNE_I8,LOOPNE (Rel8)
LSL_R16_M16,LSL (R16, M16)
LSL_R32_M16,LSL (R32, M16)
LSL_R64_M16,LSL (R64, M16)
LSL_R16_R16,LSL (R16, R16)
LSL_R32_R32,LSL (R32, R32)
LSL_R64_R32,LSL (R64, R32)
LSS_R16_M32,LSS (R16, M32)
LSS_R32_M48,LSS (R32, M48)
LTR_M16,LTR (M16)
LTR_R16,LTR (R16)
MOV_M8_I8,MOV (M8, I8)
MOV_R64_I32,MOV (R64, I32)
MOV_M16_I16,MOV (M16, I16)
MOV_M32_I32,MOV (M32, I32)
MOV_M64_I32,MOV (M64, I32)
MOV_R8l_R8l,MOV_88 (R8l, R8l)
MOV_R8h_R8l,MOV_88 (R8h, R8l)
MOV_R8l_R8h,MOV_88 (R8l, R8h)
MOV_R8h_R8h,MOV_88 (R8h, R8h)
MOV_M8_R8l,MOV (M8, R8l)
MOV_M8_R8h,MOV (M8, R8h)
MOV_M16_R16,MOV (M16, R16)
MOV_M32_R32,MOV (M32, R32)
MOV_M64_R64,MOV (M64, R64)
MOV_R16_R16,MOV_89 (R16, R16)
MOV_R32_R32,MOV_89 (R32, R32)
MOV_R64_R64,MOV_89 (R64, R64)
MOV_R8l_M8,MOV (R8l, M8)
MOV_R8h_M8,MOV (R8h, M8)
MOV_R8l_R8l,MOV_8A (R8l, R8l)
MOV_R8h_R8l,MOV_8A (R8h, R8l)
MOV_R8l_R8h,MOV_8A (R8l, R8h)
MOV_R8h_R8h,MOV_8A (R8h, R8h)
MOV_R16_M16,MOV (R16, M16)
MOV_R32_M32,MOV (R32, M32)
MOV_R64_M64,MOV (R64, M64)
MOV_R16_R16,MOV_8B (R16, R16)
MOV_R32_R32,MOV_8B (R32, R32)
MOV_R64_R64,MOV_8B (R64, R64)
MOV_M16_SEG,MOV (M16, SEG)
MOV_R16_SEG,MOV (R16, SEG)
MOV_R32_SEG,MOV (R32, SEG)
MOV_R64_SEG,MOV (R64, SEG)
MOV_R_M16,MOV (R, M16)
MOV_R_R16,MOV (R, R16)
MOV_AL_Moffs8,MOV (AL, Moffs8)
MOV_AX_Moffs16,MOV (AX, Moffs16)
MOV_EAX_Moffs32,MOV (EAX, Moffs32)
MOV_RAX_Moffs64,MOV (RAX, Moffs64)
MOV_Moffs8_AL,MOV (Moffs8, AL)
MOV_Moffs16_AX,MOV (Moffs16, AX)
MOV_Moffs32_EAX,MOV (Moffs32, EAX)
MOV_Moffs64_RAX,MOV (Moffs64, RAX)
MOV_R8l_I8,MOV (R8l, I8)
MOV_R8h_I8,MOV (R8h, I8)
MOV_R16_I16,MOV (R16, I16)
MOV_R32_I32,MOV (R32, I32)
MOV_R64_I64,MOV (R64, I64)
MOVSB,MOVSB
MOVSD,MOVSD
MOVSW,MOVSW
MOVSX_R16_M8,MOVSX (R16, M8)
MOVSX_R32_M8,MOVSX (R32, M8)
MOVSX_R64_M8,MOVSX (R64, M8)
MOVSX_R16_R8l,MOVSX (R16, R8l)
MOVSX_R16_R8h,MOVSX (R16, R8h)
MOVSX_R32_R8l,MOVSX (R32, R8l)
MOVSX_R32_R8h,MOVSX (R32, R8h)
MOVSX_R64_R8l,MOVSX (R64, R8l)
MOVSX_R32_M16,MOVSX (R32, M16)
MOVSX_R64_M16,MOVSX (R64, M16)
MOVSX_R32_R16,MOVSX (R32, R16)
MOVSX_R64_R16,MOVSX (R64, R16)
MOVZX_R16_M8,MOVZX (R16, M8)
MOVZX_R32_M8,MOVZX (R32, M8)
MOVZX_R64_M8,MOVZX (R64, M8)
MOVZX_R16_R8l,MOVZX (R16, R8l)
MOVZX_R16_R8h,MOVZX (R16, R8h)
MOVZX_R32_R8l,MOVZX (R32, R8l)
MOVZX_R32_R8h,MOVZX (R32, R8h)
MOVZX_R64_R8l,MOVZX (R64, R8l)
MOVZX_R32_M16,MOVZX (R32, M16)
MOVZX_R64_M16,MOVZX (R64, M16)
MOVZX_R32_R16,MOVZX (R32, R16)
MOVZX_R64_R16,MOVZX (R64, R16)
MOV_CR_R64,MOV_CR (CR, R64)
MOV_R64_CR,MOV_CR (R64, CR)
MOV_DR_R64,MOV_DR (DR, R64)
MOV_R64_DR,MOV_DR (R64, DR)
MUL_M8,MUL (M8)
MUL_R8l,MUL (R8l)
MUL_R8h,MUL (R8h)
MUL_M16,MUL (M16)
MUL_M32,MUL (M32)
MUL_M64,MUL (M64)
MUL_R16,MUL (R16)
MUL_R32,MUL (R32)
MUL_R64,MUL (R64)
NEG_M8,NEG (M8)
NEG_R8l,NEG (R8l)
NEG_R8h,NEG (R8h)
NEG_M16,NEG (M16)
NEG_M32,NEG (M32)
NEG_M64,NEG (M64)
NEG_R16,NEG (R16)
NEG_R32,NEG (R32)
NEG_R64,NEG (R64)
NEG_LOCK_M8,NEG_LOCK (M8)
NEG_LOCK_M16,NEG_LOCK (M16)
NEG_LOCK_M32,NEG_LOCK (M32)
NEG_LOCK_M64,NEG_LOCK (M64)
NOP,NOP
NOP_M16,NOP (M16)
NOP_M32,NOP (M32)
NOP_M64,NOP (M64)
NOP_R16,NOP (R16)
NOP_R32,NOP (R32)
NOP_R64,NOP (R64)
NOT_M8,NOT (M8)
NOT_R8l,NOT (R8l)
NOT_R8h,NOT (R8h)
NOT_M16,NOT (M16)
NOT_M32,NOT (M32)
NOT_M64,NOT (M64)
NOT_R16,NOT (R16)
NOT_R32,NOT (R32)
NOT_R64,NOT (R64)
NOT_LOCK_M8,NOT_LOCK (M8)
NOT_LOCK_M16,NOT_LOCK (M16)
NOT_LOCK_M32,NOT_LOCK (M32)
NOT_LOCK_M64,NOT_LOCK (M64)
OR_M8_I8,OR (M8, I8)
OR_R8l_I8,OR_R0 (R8l, I8)
OR_R8l_I8,OR_R4 (R8l, I8)
OR_R8h_I8,OR (R8h, I8)
OR_M16_I16,OR (M16, I16)
OR_M32_I32,OR (M32, I32)
OR_M64_I32,OR (M64, I32)
OR_R16_I16,OR (R16, I16)
OR_R32_I32,OR (R32, I32)
OR_R64_I32,OR (R64, I32)
OR_M16_I8,OR (M16, I8)
OR_M32_I8,OR (M32, I8)
OR_M64_I8,OR (M64, I8)
OR_R16_I8,OR (R16, I8)
OR_R32_I8,OR (R32, I8)
OR_R64_I8,OR (R64, I8)
OR_M8_R8l,OR (M8, R8l)
OR_M8_R8h,OR (M8, R8h)
OR_R8l_R8l,OR_08 (R8l, R8l)
OR_R8h_R8l,OR_08 (R8h, R8l)
OR_R8l_R8h,OR_08 (R8l, R8h)
OR_R8h_R8h,OR_08 (R8h, R8h)
OR_M16_R16,OR (M16, R16)
OR_M32_R32,OR (M32, R32)
OR_M64_R64,OR (M64, R64)
OR_R16_R16,OR_09 (R16, R16)
OR_R32_R32,OR_09 (R32, R32)
OR_R64_R64,OR_09 (R64, R64)
OR_R8l_M8,OR (R8l, M8)
OR_R8h_M8,OR (R8h, M8)
OR_R8l_R8l,OR_0A (R8l, R8l)
OR_R8h_R8l,OR_0A (R8h, R8l)
OR_R8l_R8h,OR_0A (R8l, R8h)
OR_R8h_R8h,OR_0A (R8h, R8h)
OR_R16_M16,OR (R16, M16)
OR_R32_M32,OR (R32, M32)
OR_R64_M64,OR (R64, M64)
OR_R16_R16,OR_0B (R16, R16)
OR_R32_R32,OR_0B (R32, R32)
OR_R64_R64,OR_0B (R64, R64)
OR_AL_I8,OR (AL, I8)
OR_AX_I16,OR (AX, I16)
OR_EAX_I32,OR (EAX, I32)
OR_RAX_I32,OR (RAX, I32)
OR_LOCK_M8_I8,OR_LOCK (M8, I8)
OR_LOCK_M16_I16,OR_LOCK (M16, I16)
OR_LOCK_M32_I32,OR_LOCK (M32, I32)
OR_LOCK_M64_I32,OR_LOCK (M64, I32)
OR_LOCK_M16_I8,OR_LOCK (M16, I8)
OR_LOCK_M32_I8,OR_LOCK (M32, I8)
OR_LOCK_M64_I8,OR_LOCK (M64, I8)
OR_LOCK_M8_R8l,OR_LOCK (M8, R8l)
OR_LOCK_M8_R8h,OR_LOCK (M8, R8h)
OR_LOCK_M16_R16,OR_LOCK (M16, R16)
OR_LOCK_M32_R32,OR_LOCK (M32, R32)
OR_LOCK_M64_R64,OR_LOCK (M64, R64)
OUT_0_AL,OUT (0, AL)
OUT_I8_AL,OUT (I8, AL)
OUT_0_AX,OUT (0, AX)
OUT_I8_AX,OUT (I8, AX)
OUT_0_EAX,OUT (0, EAX)
OUT_I8_EAX,OUT (I8, EAX)
OUT_DX_AL,OUT (DX, AL)
OUT_DX_AX,OUT (DX, AX)
OUT_DX_EAX,OUT (DX, EAX)
OUTSB,OUTSB
OUTSD,OUTSD
OUTSW,OUTSW
POP_M16,POP (M16)
POP_M64,POP (M64)
POP_R16,POP (R16)
POP_R64,POP (R64)
POP_W_FS,POP_W (FS)
POP_FS,POP (FS)
POP_W_GS,POP_W (GS)
POP_GS,POP (GS)
POPF,POPF
PUSH_M16,PUSH (M16)
PUSH_M64,PUSH (M64)
PUSH_R16,PUSH (R16)
PUSH_R64,PUSH (R64)
PUSH_W_I16,PUSH_W (I16)
PUSH_I32,PUSH (I32)
PUSH_W_I8,PUSH_W (I8)
PUSH_I8,PUSH (I8)
PUSH_W_FS,PUSH_W (FS)
PUSH_FS,PUSH (FS)
PUSH_W_GS,PUSH_W (GS)
PUSH_GS,PUSH (GS)
PUSHF,PUSHF
RCL_M8_I8,RCL (M8, I8)
RCL_R8l_I8,RCL_R0 (R8l, I8)
RCL_R8l_I8,RCL_R4 (R8l, I8)
RCL_R8h_I8,RCL (R8h, I8)
RCL_M16_I8,RCL (M16, I8)
RCL_M32_I8,RCL (M32, I8)
RCL_M64_I8,RCL (M64, I8)
RCL_R16_I8,RCL (R16, I8)
RCL_R32_I8,RCL (R32, I8)
RCL_R64_I8,RCL (R64, I8)
RCL_M8_1,RCL (M8, 1)
RCL_R8l_1,RCL_R0 (R8l, 1)
RCL_R8l_1,RCL_R4 (R8l, 1)
RCL_R8h_1,RCL (R8h, 1)
RCL_M16_1,RCL (M16, 1)
RCL_M32_1,RCL (M32, 1)
RCL_M64_1,RCL (M64, 1)
RCL_R16_1,RCL (R16, 1)
RCL_R32_1,RCL (R32, 1)
RCL_R64_1,RCL (R64, 1)
RCL_M8_CL,RCL (M8, CL)
RCL_R8l_CL,RCL (R8l, CL)
RCL_R8h_CL,RCL (R8h, CL)
RCL_M16_CL,RCL (M16, CL)
RCL_M32_CL,RCL (M32, CL)
RCL_M64_CL,RCL (M64, CL)
RCL_R16_CL,RCL (R16, CL)
RCL_R32_CL,RCL (R32, CL)
RCL_R64_CL,RCL (R64, CL)
RCR_M8_I8,RCR (M8, I8)
RCR_R8l_I8,RCR_R0 (R8l, I8)
RCR_R8l_I8,RCR_R4 (R8l, I8)
RCR_R8h_I8,RCR (R8h, I8)
RCR_M16_I8,RCR (M16, I8)
RCR_M32_I8,RCR (M32, I8)
RCR_M64_I8,RCR (M64, I8)
RCR_R16_I8,RCR (R16, I8)
RCR_R32_I8,RCR (R32, I8)
RCR_R64_I8,RCR (R64, I8)
RCR_M8_1,RCR (M8, 1)
RCR_R8l_1,RCR_R0 (R8l, 1)
RCR_R8l_1,RCR_R4 (R8l, 1)
RCR_R8h_1,RCR (R8h, 1)
RCR_M16_1,RCR (M16, 1)
RCR_M32_1,RCR (M32, 1)
RCR_M64_1,RCR (M64, 1)
RCR_R16_1,RCR (R16, 1)
RCR_R32_1,RCR (R32, 1)
RCR_R64_1,RCR (R64, 1)
RCR_M8_CL,RCR (M8, CL)
RCR_R8l_CL,RCR (R8l, CL)
RCR_R8h_CL,RCR (R8h, CL)
RCR_M16_CL,RCR (M16, CL)
RCR_M32_CL,RCR (M32, CL)
RCR_M64_CL,RCR (M64, CL)
RCR_R16_CL,RCR (R16, CL)
RCR_R32_CL,RCR (R32, CL)
RCR_R64_CL,RCR (R64, CL)
RDMSR,RDMSR
RDPMC,RDPMC
RDTSC,RDTSC
CMPSB_REPE,CMPSB_REPE
CMPSD_REPE,CMPSD_REPE
CMPSW_REPE,CMPSW_REPE
SCASB_REPE,SCASB_REPE
SCASD_REPE,SCASD_REPE
SCASW_REPE,SCASW_REPE
CMPSB_REPNE,CMPSB_REPNE
CMPSD_REPNE,CMPSD_REPNE
CMPSW_REPNE,CMPSW_REPNE
SCASB_REPNE,SCASB_REPNE
SCASD_REPNE,SCASD_REPNE
SCASW_REPNE,SCASW_REPNE
INSB_REPE,INSB_REPE
INSB_REPNE,INSB_REPNE
INSD_REPE,INSD_REPE
INSD_REPE_REX64,INSD_REPE_REX64
INSD_REPNE,INSD_REPNE
INSD_REPNE_REX64,INSD_REPNE_REX64
INSW_REPE,INSW_REPE
INSW_REPNE,INSW_REPNE
LODSB_REPE,LODSB_REPE
LODSB_REPNE,LODSB_REPNE
LODSD_REPE,LODSD_REPE
LODSD_REPNE,LODSD_REPNE
LODSW_REPE,LODSW_REPE
LODSW_REPNE,LODSW_REPNE
MOVSB_REPE,MOVSB_REPE
MOVSB_REPNE,MOVSB_REPNE
MOVSD_REPE,MOVSD_REPE
MOVSD_REPNE,MOVSD_REPNE
MOVSW_REPE,MOVSW_REPE
MOVSW_REPNE,MOVSW_REPNE
OUTSB_REPE,OUTSB_REPE
OUTSB_REPNE,OUTSB_REPNE
OUTSD_REPE,OUTSD_REPE
OUTSD_REPE_REX64,OUTSD_REPE_REX64
OUTSD_REPNE,OUTSD_REPNE
OUTSD_REPNE_REX64,OUTSD_REPNE_REX64
OUTSW_REPE,OUTSW_REPE
OUTSW_REPNE,OUTSW_REPNE
STOSB_REPE,STOSB_REPE
STOSB_REPNE,STOSB_REPNE
STOSD_REPNE,STOSD_REPNE
STOSD_REPE,STOSD_REPE
STOSW_REPE,STOSW_REPE
STOSW_REPNE,STOSW_REPNE
RET_FAR_W_I16,RET_FAR_W (I16)
RET_FAR_I16,RET_FAR (I16)
RET_FAR_Q_I16,RET_FAR_Q (I16)
RET_FAR_W,RET_FAR_W
RET_FAR,RET_FAR
RET_FAR_Q,RET_FAR_Q
RET_NEAR_I16,RET_NEAR (I16)
RET_NEAR,RET_NEAR
ROL_M8_I8,ROL (M8, I8)
ROL_R8l_I8,ROL_R0 (R8l, I8)
ROL_R8l_I8,ROL_R4 (R8l, I8)
ROL_R8h_I8,ROL (R8h, I8)
ROL_M16_I8,ROL (M16, I8)
ROL_M32_I8,ROL (M32, I8)
ROL_M64_I8,ROL (M64, I8)
ROL_R16_I8,ROL (R16, I8)
ROL_R32_I8,ROL (R32, I8)
ROL_R64_I8,ROL (R64, I8)
ROL_M8_1,ROL (M8, 1)
ROL_R8l_1,ROL_R0 (R8l, 1)
ROL_R8l_1,ROL_R4 (R8l, 1)
ROL_R8h_1,ROL (R8h, 1)
ROL_M16_1,ROL (M16, 1)
ROL_M32_1,ROL (M32, 1)
ROL_M64_1,ROL (M64, 1)
ROL_R16_1,ROL (R16, 1)
ROL_R32_1,ROL (R32, 1)
ROL_R64_1,ROL (R64, 1)
ROL_M8_CL,ROL (M8, CL)
ROL_R8l_CL,ROL (R8l, CL)
ROL_R8h_CL,ROL (R8h, CL)
ROL_M16_CL,ROL (M16, CL)
ROL_M32_CL,ROL (M32, CL)
ROL_M64_CL,ROL (M64, CL)
ROL_R16_CL,ROL (R16, CL)
ROL_R32_CL,ROL (R32, CL)
ROL_R64_CL,ROL (R64, CL)
ROR_M8_I8,ROR (M8, I8)
ROR_R8l_I8,ROR_R0 (R8l, I8)
ROR_R8l_I8,ROR_R4 (R8l, I8)
ROR_R8h_I8,ROR (R8h, I8)
ROR_R16_I8,ROR (R16, I8)
ROR_R32_I8,ROR (R32, I8)
ROR_R64_I8,ROR (R64, I8)
ROR_M16_I8,ROR (M16, I8)
ROR_M32_I8,ROR (M32, I8)
ROR_M64_I8,ROR (M64, I8)
ROR_M8_1,ROR (M8, 1)
ROR_R8l_1,ROR_R0 (R8l, 1)
ROR_R8l_1,ROR_R4 (R8l, 1)
ROR_R8h_1,ROR (R8h, 1)
ROR_M16_1,ROR (M16, 1)
ROR_M32_1,ROR (M32, 1)
ROR_M64_1,ROR (M64, 1)
ROR_R16_1,ROR (R16, 1)
ROR_R32_1,ROR (R32, 1)
ROR_R64_1,ROR (R64, 1)
ROR_M8_CL,ROR (M8, CL)
ROR_R8l_CL,ROR (R8l, CL)
ROR_R8h_CL,ROR (R8h, CL)
ROR_M16_CL,ROR (M16, CL)
ROR_M32_CL,ROR (M32, CL)
ROR_M64_CL,ROR (M64, CL)
ROR_R16_CL,ROR (R16, CL)
ROR_R32_CL,ROR (R32, CL)
ROR_R64_CL,ROR (R64, CL)
RSM,RSM
SAHF,SAHF
SAR_M8_I8,SAR (M8, I8)
SAR_R8l_I8,SAR_R0 (R8l, I8)
SAR_R8l_I8,SAR_R4 (R8l, I8)
SAR_R8h_I8,SAR (R8h, I8)
SAR_M16_I8,SAR (M16, I8)
SAR_M32_I8,SAR (M32, I8)
SAR_M64_I8,SAR (M64, I8)
SAR_R16_I8,SAR (R16, I8)
SAR_R32_I8,SAR (R32, I8)
SAR_R64_I8,SAR (R64, I8)
SAR_M8_1,SAR (M8, 1)
SAR_R8l_1,SAR_R0 (R8l, 1)
SAR_R8l_1,SAR_R4 (R8l, 1)
SAR_R8h_1,SAR (R8h, 1)
SAR_M16_1,SAR (M16, 1)
SAR_M32_1,SAR (M32, 1)
SAR_M64_1,SAR (M64, 1)
SAR_R16_1,SAR (R16, 1)
SAR_R32_1,SAR (R32, 1)
SAR_R64_1,SAR (R64, 1)
SAR_M8_CL,SAR (M8, CL)
SAR_R8l_CL,SAR (R8l, CL)
SAR_R8h_CL,SAR (R8h, CL)
SAR_M16_CL,SAR (M16, CL)
SAR_M32_CL,SAR (M32, CL)
SAR_M64_CL,SAR (M64, CL)
SAR_R16_CL,SAR (R16, CL)
SAR_R32_CL,SAR (R32, CL)
SAR_R64_CL,SAR (R64, CL)
SBB_M8_I8,SBB (M8, I8)
SBB_R8l_I8,SBB_R0 (R8l, I8)
SBB_R8l_I8,SBB_R4 (R8l, I8)
SBB_R8h_I8,SBB (R8h, I8)
SBB_M16_I16,SBB (M16, I16)
SBB_M32_I32,SBB (M32, I32)
SBB_M64_I32,SBB (M64, I32)
SBB_R16_I16,SBB (R16, I16)
SBB_R32_I32,SBB (R32, I32)
SBB_R64_I32,SBB (R64, I32)
SBB_M16_I8,SBB (M16, I8)
SBB_M32_I8,SBB (M32, I8)
SBB_M64_I8,SBB (M64, I8)
SBB_R16_I8,SBB (R16, I8)
SBB_R32_I8,SBB (R32, I8)
SBB_R64_I8,SBB (R64, I8)
SBB_M8_R8l,SBB (M8, R8l)
SBB_M8_R8h,SBB (M8, R8h)
SBB_R8l_R8l,SBB_18 (R8l, R8l)
SBB_R8h_R8l,SBB_18 (R8h, R8l)
SBB_R8l_R8h,SBB_18 (R8l, R8h)
SBB_R8h_R8h,SBB_18 (R8h, R8h)
SBB_M16_R16,SBB (M16, R16)
SBB_M32_R32,SBB (M32, R32)
SBB_M64_R64,SBB (M64, R64)
SBB_R16_R16,SBB_19 (R16, R16)
SBB_R32_R32,SBB_19 (R32, R32)
SBB_R64_R64,SBB_19 (R64, R64)
SBB_R8l_R8l,SBB_1A (R8l, R8l)
SBB_R8h_R8l,SBB_1A (R8h, R8l)
SBB_R8l_R8h,SBB_1A (R8l, R8h)
SBB_R8h_R8h,SBB_1A (R8h, R8h)
SBB_R8l_M8,SBB (R8l, M8)
SBB_R8h_M8,SBB (R8h, M8)
SBB_R16_R16,SBB_1B (R16, R16)
SBB_R32_R32,SBB_1B (R32, R32)
SBB_R64_R64,SBB_1B (R64, R64)
SBB_R16_M16,SBB (R16, M16)
SBB_R32_M32,SBB (R32, M32)
SBB_R64_M64,SBB (R64, M64)
SBB_AL_I8,SBB (AL, I8)
SBB_AX_I16,SBB (AX, I16)
SBB_EAX_I32,SBB (EAX, I32)
SBB_RAX_I32,SBB (RAX, I32)
SBB_LOCK_M8_I8,SBB_LOCK (M8, I8)
SBB_LOCK_M16_I16,SBB_LOCK (M16, I16)
SBB_LOCK_M32_I32,SBB_LOCK (M32, I32)
SBB_LOCK_M64_I32,SBB_LOCK (M64, I32)
SBB_LOCK_M16_I8,SBB_LOCK (M16, I8)
SBB_LOCK_M32_I8,SBB_LOCK (M32, I8)
SBB_LOCK_M64_I8,SBB_LOCK (M64, I8)
SBB_LOCK_M8_R8l,SBB_LOCK (M8, R8l)
SBB_LOCK_M8_R8h,SBB_LOCK (M8, R8h)
SBB_LOCK_M16_R16,SBB_LOCK (M16, R16)
SBB_LOCK_M32_R32,SBB_LOCK (M32, R32)
SBB_LOCK_M64_R64,SBB_LOCK (M64, R64)
SCASB,SCASB
SCASD,SCASD
SCASW,SCASW
SETB_M8,SETB (M8)
SETB_R8l,SETB (R8l)
SETB_R8h,SETB (R8h)
SETBE_M8,SETBE (M8)
SETBE_R8l,SETBE (R8l)
SETBE_R8h,SETBE (R8h)
SETL_M8,SETL (M8)
SETL_R8l,SETL (R8l)
SETL_R8h,SETL (R8h)
SETLE_M8,SETLE (M8)
SETLE_R8l,SETLE (R8l)
SETLE_R8h,SETLE (R8h)
SETNB_M8,SETNB (M8)
SETNB_R8l,SETNB (R8l)
SETNB_R8h,SETNB (R8h)
SETNBE_M8,SETNBE (M8)
SETNBE_R8l,SETNBE (R8l)
SETNBE_R8h,SETNBE (R8h)
SETNL_M8,SETNL (M8)
SETNL_R8l,SETNL (R8l)
SETNL_R8h,SETNL (R8h)
SETNLE_M8,SETNLE (M8)
SETNLE_R8l,SETNLE (R8l)
SETNLE_R8h,SETNLE (R8h)
SETNO_M8,SETNO (M8)
SETNO_R8l,SETNO (R8l)
SETNO_R8h,SETNO (R8h)
SETNP_M8,SETNP (M8)
SETNP_R8l,SETNP (R8l)
SETNP_R8h,SETNP (R8h)
SETNS_M8,SETNS (M8)
SETNS_R8l,SETNS (R8l)
SETNS_R8h,SETNS (R8h)
SETNZ_M8,SETNZ (M8)
SETNZ_R8l,SETNZ (R8l)
SETNZ_R8h,SETNZ (R8h)
SETO_M8,SETO (M8)
SETO_R8l,SETO (R8l)
SETO_R8h,SETO (R8h)
SETP_M8,SETP (M8)
SETP_R8l,SETP (R8l)
SETP_R8h,SETP (R8h)
SETS_M8,SETS (M8)
SETS_R8l,SETS (R8l)
SETS_R8h,SETS (R8h)
SETZ_M8,SETZ (M8)
SETZ_R8l,SETZ (R8l)
SETZ_R8h,SETZ (R8h)
SHL_M8_I8,SHL (M8, I8)
SHL_R8l_I8,SHL_R0 (R8l, I8)
SHL_R8l_I8,SHL_R4 (R8l, I8)
SHL_R8h_I8,SHL (R8h, I8)
SHL_M16_I8,SHL (M16, I8)
SHL_M32_I8,SHL (M32, I8)
SHL_M64_I8,SHL (M64, I8)
SHL_R16_I8,SHL (R16, I8)
SHL_R32_I8,SHL (R32, I8)
SHL_R64_I8,SHL (R64, I8)
SHL_M8_1,SHL (M8, 1)
SHL_R8l_1,SHL_R0 (R8l, 1)
SHL_R8l_1,SHL_R4 (R8l, 1)
SHL_R8h_1,SHL (R8h, 1)
SHL_M16_1,SHL (M16, 1)
SHL_M32_1,SHL (M32, 1)
SHL_M64_1,SHL (M64, 1)
SHL_R16_1,SHL (R16, 1)
SHL_R32_1,SHL (R32, 1)
SHL_R64_1,SHL (R64, 1)
SHL_M8_CL,SHL (M8, CL)
SHL_R8l_CL,SHL (R8l, CL)
SHL_R8h_CL,SHL (R8h, CL)
SHL_M16_CL,SHL (M16, CL)
SHL_M32_CL,SHL (M32, CL)
SHL_M64_CL,SHL (M64, CL)
SHL_R16_CL,SHL (R16, CL)
SHL_R32_CL,SHL (R32, CL)
SHL_R64_CL,SHL (R64, CL)
SHLD_M16_R16_I8,SHLD (M16, R16, I8)
SHLD_M32_R32_I8,SHLD (M32, R32, I8)
SHLD_M64_R64_I8,SHLD (M64, R64, I8)
SHLD_IMMB_R16_R16_I8,SHLD_IMMB (R16, R16, I8)
SHLD_IMMB_R32_R32_I8,SHLD_IMMB (R32, R32, I8)
SHLD_IMMB_R64_R64_I8,SHLD_IMMB (R64, R64, I8)
SHLD_M16_R16_CL,SHLD (M16, R16, CL)
SHLD_M32_R32_CL,SHLD (M32, R32, CL)
SHLD_M64_R64_CL,SHLD (M64, R64, CL)
SHLD_R16_R16_CL,SHLD_CL (R16, R16, CL)
SHLD_R32_R32_CL,SHLD_CL (R32, R32, CL)
SHLD_R64_R64_CL,SHLD_CL (R64, R64, CL)
SHR_M8_I8,SHR (M8, I8)
SHR_R8l_I8,SHR_R0 (R8l, I8)
SHR_R8l_I8,SHR_R4 (R8l, I8)
SHR_R8h_I8,SHR (R8h, I8)
SHR_M16_I8,SHR (M16, I8)
SHR_M32_I8,SHR (M32, I8)
SHR_M64_I8,SHR (M64, I8)
SHR_R16_I8,SHR (R16, I8)
SHR_R32_I8,SHR (R32, I8)
SHR_R64_I8,SHR (R64, I8)
SHR_M8_1,SHR (M8, 1)
SHR_R8l_1,SHR_R0 (R8l, 1)
SHR_R8l_1,SHR_R4 (R8l, 1)
SHR_R8h_1,SHR (R8h, 1)
SHR_M16_1,SHR (M16, 1)
SHR_M32_1,SHR (M32, 1)
SHR_M64_1,SHR (M64, 1)
SHR_R16_1,SHR (R16, 1)
SHR_R32_1,SHR (R32, 1)
SHR_R64_1,SHR (R64, 1)
SHR_M8_CL,SHR (M8, CL)
SHR_R8l_CL,SHR (R8l, CL)
SHR_R8h_CL,SHR (R8h, CL)
SHR_M16_CL,SHR (M16, CL)
SHR_M32_CL,SHR (M32, CL)
SHR_M64_CL,SHR (M64, CL)
SHR_R16_CL,SHR (R16, CL)
SHR_R32_CL,SHR (R32, CL)
SHR_R64_CL,SHR (R64, CL)
SHRD_M16_R16_I8,SHRD (M16, R16, I8)
SHRD_M32_R32_I8,SHRD (M32, R32, I8)
SHRD_M64_R64_I8,SHRD (M64, R64, I8)
SHRD_IMMB_R16_R16_I8,SHRD_IMMB (R16, R16, I8)
SHRD_IMMB_R32_R32_I8,SHRD_IMMB (R32, R32, I8)
SHRD_IMMB_R64_R64_I8,SHRD_IMMB (R64, R64, I8)
SHRD_M16_R16_CL,SHRD (M16, R16, CL)
SHRD_M32_R32_CL,SHRD (M32, R32, CL)
SHRD_M64_R64_CL,SHRD (M64, R64, CL)
SHRD_R16_R16_CL,SHRD_CL (R16, R16, CL)
SHRD_R32_R32_CL,SHRD_CL (R32, R32, CL)
SHRD_R64_R64_CL,SHRD_CL (R64, R64, CL)
SLDT_M16,SLDT (M16)
SLDT_R16,SLDT (R16)
SLDT_R32,SLDT (R32)
SLDT_R64,SLDT (R64)
SMSW_M16,SMSW (M16)
SMSW_R16,SMSW (R16)
SMSW_R32,SMSW (R32)
SMSW_R64,SMSW (R64)
STC,STC
STD,STD
STI,STI
STOSB,STOSB
STOSD,STOSD
STOSW,STOSW
STR_M16,STR (M16)
STR_R16,STR (R16)
STR_R32,STR (R32)
STR_R64,STR (R64)
SUB_M8_I8,SUB (M8, I8)
SUB_R8l_I8,SUB_R0 (R8l, I8)
SUB_R8l_I8,SUB_R4 (R8l, I8)
SUB_R8h_I8,SUB (R8h, I8)
SUB_M16_I16,SUB (M16, I16)
SUB_M32_I32,SUB (M32, I32)
SUB_M64_I32,SUB (M64, I32)
SUB_R16_I16,SUB (R16, I16)
SUB_R32_I32,SUB (R32, I32)
SUB_R64_I32,SUB (R64, I32)
SUB_M16_I8,SUB (M16, I8)
SUB_M32_I8,SUB (M32, I8)
SUB_M64_I8,SUB (M64, I8)
SUB_R16_I8,SUB (R16, I8)
SUB_R32_I8,SUB (R32, I8)
SUB_R64_I8,SUB (R64, I8)
SUB_M8_R8l,SUB (M8, R8l)
SUB_M8_R8h,SUB (M8, R8h)
SUB_R8l_R8l,SUB_28 (R8l, R8l)
SUB_R8h_R8l,SUB_28 (R8h, R8l)
SUB_R8l_R8h,SUB_28 (R8l, R8h)
SUB_R8h_R8h,SUB_28 (R8h, R8h)
SUB_M16_R16,SUB (M16, R16)
SUB_M32_R32,SUB (M32, R32)
SUB_M64_R64,SUB (M64, R64)
SUB_R16_R16,SUB_29 (R16, R16)
SUB_R32_R32,SUB_29 (R32, R32)
SUB_R64_R64,SUB_29 (R64, R64)
SUB_R8l_R8l,SUB_2A (R8l, R8l)
SUB_R8h_R8l,SUB_2A (R8h, R8l)
SUB_R8l_R8h,SUB_2A (R8l, R8h)
SUB_R8h_R8h,SUB_2A (R8h, R8h)
SUB_R8l_M8,SUB (R8l, M8)
SUB_R8h_M8,SUB (R8h, M8)
SUB_R16_R16,SUB_2B (R16, R16)
SUB_R32_R32,SUB_2B (R32, R32)
SUB_R64_R64,SUB_2B (R64, R64)
SUB_R16_M16,SUB (R16, M16)
SUB_R32_M32,SUB (R32, M32)
SUB_R64_M64,SUB (R64, M64)
SUB_AL_I8,SUB (AL, I8)
SUB_AX_I16,SUB (AX, I16)
SUB_EAX_I32,SUB (EAX, I32)
SUB_RAX_I32,SUB (RAX, I32)
SUB_LOCK_M8_I8,SUB_LOCK (M8, I8)
SUB_LOCK_M16_I16,SUB_LOCK (M16, I16)
SUB_LOCK_M32_I32,SUB_LOCK (M32, I32)
SUB_LOCK_M64_I32,SUB_LOCK (M64, I32)
SUB_LOCK_M16_I8,SUB_LOCK (M16, I8)
SUB_LOCK_M32_I8,SUB_LOCK (M32, I8)
SUB_LOCK_M64_I8,SUB_LOCK (M64, I8)
SUB_LOCK_M8_R8l,SUB_LOCK (M8, R8l)
SUB_LOCK_M8_R8h,SUB_LOCK (M8, R8h)
SUB_LOCK_M16_R16,SUB_LOCK (M16, R16)
SUB_LOCK_M32_R32,SUB_LOCK (M32, R32)
SUB_LOCK_M64_R64,SUB_LOCK (M64, R64)
SYSENTER,SYSENTER
SYSEXIT,SYSEXIT
TEST_M8_I8,TEST (M8, I8)
TEST_R8l_I8,TEST_R0 (R8l, I8)
TEST_R8l_I8,TEST_R4 (R8l, I8)
TEST_R8h_I8,TEST (R8h, I8)
TEST_M16_I16,TEST (M16, I16)
TEST_M32_I32,TEST (M32, I32)
TEST_M64_I32,TEST (M64, I32)
TEST_R16_I16,TEST (R16, I16)
TEST_R32_I32,TEST (R32, I32)
TEST_R64_I32,TEST (R64, I32)
TEST_M8_R8l,TEST (M8, R8l)
TEST_M8_R8h,TEST (M8, R8h)
TEST_R8l_R8l,TEST (R8l, R8l)
TEST_R8h_R8l,TEST (R8h, R8l)
TEST_R8l_R8h,TEST (R8l, R8h)
TEST_R8h_R8h,TEST (R8h, R8h)
TEST_M16_R16,TEST (M16, R16)
TEST_M32_R32,TEST (M32, R32)
TEST_M64_R64,TEST (M64, R64)
TEST_R16_R16,TEST (R16, R16)
TEST_R32_R32,TEST (R32, R32)
TEST_R64_R64,TEST (R64, R64)
TEST_AL_I8,TEST (AL, I8)
TEST_AX_I16,TEST (AX, I16)
TEST_EAX_I32,TEST (EAX, I32)
TEST_RAX_I32,TEST (RAX, I32)
UD2,UD2
VERR_M16,VERR (M16)
VERR_R16,VERR (R16)
VERW_M16,VERW (M16)
VERW_R16,VERW (R16)
WBINVD,WBINVD
WRMSR,WRMSR
XADD_M8_R8l,XADD (M8, R8l)
XADD_M8_R8h,XADD (M8, R8h)
XADD_R8l_R8l,XADD (R8l, R8l)
XADD_R8h_R8l,XADD (R8h, R8l)
XADD_R8l_R8h,XADD (R8l, R8h)
XADD_R8h_R8h,XADD (R8h, R8h)
XADD_M16_R16,XADD (M16, R16)
XADD_M32_R32,XADD (M32, R32)
XADD_M64_R64,XADD (M64, R64)
XADD_R16_R16,XADD (R16, R16)
XADD_R32_R32,XADD (R32, R32)
XADD_R64_R64,XADD (R64, R64)
XADD_LOCK_M8_R8l,XADD_LOCK (M8, R8l)
XADD_LOCK_M8_R8h,XADD_LOCK (M8, R8h)
XADD_LOCK_M16_R16,XADD_LOCK (M16, R16)
XADD_LOCK_M32_R32,XADD_LOCK (M32, R32)
XADD_LOCK_M64_R64,XADD_LOCK (M64, R64)
XCHG_M8_R8l,XCHG (M8, R8l)
XCHG_M8_R8h,XCHG (M8, R8h)
XCHG_R8l_R8l,XCHG (R8l, R8l)
XCHG_R8h_R8l,XCHG (R8h, R8l)
XCHG_R8l_R8h,XCHG (R8l, R8h)
XCHG_R8h_R8h,XCHG (R8h, R8h)
XCHG_M16_R16,XCHG (M16, R16)
XCHG_M32_R32,XCHG (M32, R32)
XCHG_M64_R64,XCHG (M64, R64)
XCHG_R16_R16,XCHG (R16, R16)
XCHG_R32_R32,XCHG (R32, R32)
XCHG_R64_R64,XCHG (R64, R64)
XCHG_R16_AX,XCHG (R16, AX)
XCHG_R32_EAX,XCHG (R32, EAX)
XCHG_R64_RAX,XCHG (R64, RAX)
XLAT,XLAT
XOR_M8_I8,XOR (M8, I8)
XOR_R8l_I8,XOR_R0 (R8l, I8)
XOR_R8l_I8,XOR_R4 (R8l, I8)
XOR_R8h_I8,XOR (R8h, I8)
XOR_M16_I16,XOR (M16, I16)
XOR_M32_I32,XOR (M32, I32)
XOR_M64_I32,XOR (M64, I32)
XOR_R16_I16,XOR (R16, I16)
XOR_R32_I32,XOR (R32, I32)
XOR_R64_I32,XOR (R64, I32)
XOR_M16_I8,XOR (M16, I8)
XOR_M32_I8,XOR (M32, I8)
XOR_M64_I8,XOR (M64, I8)
XOR_R16_I8,XOR (R16, I8)
XOR_R32_I8,XOR (R32, I8)
XOR_R64_I8,XOR (R64, I8)
XOR_M8_R8l,XOR (M8, R8l)
XOR_M8_R8h,XOR (M8, R8h)
XOR_R8l_R8l,XOR_30 (R8l, R8l)
XOR_R8h_R8l,XOR_30 (R8h, R8l)
XOR_R8l_R8h,XOR_30 (R8l, R8h)
XOR_R8h_R8h,XOR_30 (R8h, R8h)
XOR_M16_R16,XOR (M16, R16)
XOR_M32_R32,XOR (M32, R32)
XOR_M64_R64,XOR (M64, R64)
XOR_R16_R16,XOR_31 (R16, R16)
XOR_R32_R32,XOR_31 (R32, R32)
XOR_R64_R64,XOR_31 (R64, R64)
XOR_R8l_R8l,XOR_32 (R8l, R8l)
XOR_R8h_R8l,XOR_32 (R8h, R8l)
XOR_R8l_R8h,XOR_32 (R8l, R8h)
XOR_R8h_R8h,XOR_32 (R8h, R8h)
XOR_R8l_M8,XOR (R8l, M8)
XOR_R8h_M8,XOR (R8h, M8)
XOR_R16_R16,XOR_33 (R16, R16)
XOR_R32_R32,XOR_33 (R32, R32)
XOR_R64_R64,XOR_33 (R64, R64)
XOR_R16_M16,XOR (R16, M16)
XOR_R32_M32,XOR (R32, M32)
XOR_R64_M64,XOR (R64, M64)
XOR_AL_I8,XOR (AL, I8)
XOR_AX_I16,XOR (AX, I16)
XOR_EAX_I32,XOR (EAX, I32)
XOR_RAX_I32,XOR (RAX, I32)
XOR_LOCK_M8_I8,XOR_LOCK (M8, I8)
XOR_LOCK_M16_I16,XOR_LOCK (M16, I16)
XOR_LOCK_M32_I32,XOR_LOCK (M32, I32)
XOR_LOCK_M64_I32,XOR_LOCK (M64, I32)
XOR_LOCK_M16_I8,XOR_LOCK (M16, I8)
XOR_LOCK_M32_I8,XOR_LOCK (M32, I8)
XOR_LOCK_M64_I8,XOR_LOCK (M64, I8)
XOR_LOCK_M8_R8l,XOR_LOCK (M8, R8l)
XOR_LOCK_M8_R8h,XOR_LOCK (M8, R8h)
XOR_LOCK_M16_R16,XOR_LOCK (M16, R16)
XOR_LOCK_M32_R32,XOR_LOCK (M32, R32)
XOR_LOCK_M64_R64,XOR_LOCK (M64, R64)
